Title,URL handle,Description,Vendor,Type,Tags,Published on online store,Status,SKU,Option1 name,Option1 value,Price,Compare-at price,Charge tax,Inventory tracker,Inventory quantity,Continue selling when out of stock,Weight value (grams),Weight unit for display,Requires shipping,Fulfillment service,Product image URL,Image position,Image alt text,Gift card,SEO title,SEO description
Citrus Sunrise,citrus-sunrise,"<p>Sunny orange and tangerine with a warm kick of ginger. Our brightest sip.</p><p><strong>Flavour:</strong> Orange, tangerine & ginger</p><ul><li>Real cold-pressed fruit juice</li><li>9g prebiotic plant fibre per can</li><li>Only 5g of sugar and zero sweeteners</li><li>330 ml cans, best served ice-cold</li></ul>",Sunfizz,Sparkling tonic,"sunfizz, sparkling tonic, prebiotic, orange",true,active,SF-ORANGE-04,Pack size,4-pack,1600.00,,true,shopify,100,deny,1500,kg,true,manual,https://cdn.shopify.com/s/files/1/0984/3087/7969/files/sunfizz-citrus-sunrise.png,1,A can of Sunfizz Citrus Sunrise sparkling tonic,false,Citrus Sunrise | Sunfizz,"Citrus Sunrise: orange, tangerine & ginger in a sparkling prebiotic tonic with just 5g of sugar."
,citrus-sunrise,,,,,,,SF-ORANGE-12,,12-pack,4500.00,,true,shopify,100,deny,4500,kg,true,manual,https://cdn.shopify.com/s/files/1/0984/3087/7969/files/sunfizz-citrus-sunrise-poured.png,2,A glass of Sunfizz Citrus Sunrise poured over ice,,,
,citrus-sunrise,,,,,,,SF-ORANGE-24,,24-pack,8500.00,9600.00,true,shopify,100,deny,9000,kg,true,manual,,,,,,
Pink Grapefruit Glow,pink-grapefruit-glow,"<p>Tangy pink grapefruit softened with floral hibiscus. Tart, pink and lively.</p><p><strong>Flavour:</strong> Pink grapefruit & hibiscus</p><ul><li>Real cold-pressed fruit juice</li><li>9g prebiotic plant fibre per can</li><li>Only 5g of sugar and zero sweeteners</li><li>330 ml cans, best served ice-cold</li></ul>",Sunfizz,Sparkling tonic,"sunfizz, sparkling tonic, prebiotic, grapefruit",true,active,SF-GRAPEFRUIT-04,Pack size,4-pack,1600.00,,true,shopify,100,deny,1500,kg,true,manual,https://cdn.shopify.com/s/files/1/0984/3087/7969/files/sunfizz-pink-grapefruit-glow.png,1,A can of Sunfizz Pink Grapefruit Glow sparkling tonic,false,Pink Grapefruit Glow | Sunfizz,Pink Grapefruit Glow: pink grapefruit & hibiscus in a sparkling prebiotic tonic with just 5g of sugar.
,pink-grapefruit-glow,,,,,,,SF-GRAPEFRUIT-12,,12-pack,4500.00,,true,shopify,100,deny,4500,kg,true,manual,https://cdn.shopify.com/s/files/1/0984/3087/7969/files/sunfizz-pink-grapefruit-glow-poured.png,2,A glass of Sunfizz Pink Grapefruit Glow poured over ice,,,
,pink-grapefruit-glow,,,,,,,SF-GRAPEFRUIT-24,,24-pack,8500.00,9600.00,true,shopify,100,deny,9000,kg,true,manual,,,,,,
Lemon Zest,lemon-zest,"<p>Zingy Sicilian lemon with a cool breath of garden mint. Pure refreshment.</p><p><strong>Flavour:</strong> Sicilian lemon & garden mint</p><ul><li>Real cold-pressed fruit juice</li><li>9g prebiotic plant fibre per can</li><li>Only 5g of sugar and zero sweeteners</li><li>330 ml cans, best served ice-cold</li></ul>",Sunfizz,Sparkling tonic,"sunfizz, sparkling tonic, prebiotic, lemon",true,active,SF-LEMON-04,Pack size,4-pack,1600.00,,true,shopify,100,deny,1500,kg,true,manual,https://cdn.shopify.com/s/files/1/0984/3087/7969/files/sunfizz-lemon-zest.png,1,A can of Sunfizz Lemon Zest sparkling tonic,false,Lemon Zest | Sunfizz,Lemon Zest: sicilian lemon & garden mint in a sparkling prebiotic tonic with just 5g of sugar.
,lemon-zest,,,,,,,SF-LEMON-12,,12-pack,4500.00,,true,shopify,100,deny,4500,kg,true,manual,https://cdn.shopify.com/s/files/1/0984/3087/7969/files/sunfizz-lemon-zest-poured.png,2,A glass of Sunfizz Lemon Zest poured over ice,,,
,lemon-zest,,,,,,,SF-LEMON-24,,24-pack,8500.00,9600.00,true,shopify,100,deny,9000,kg,true,manual,,,,,,
Lime Crush,lime-crush,"<p>Sharp key lime and crisp cucumber. Like a garden party in a can.</p><p><strong>Flavour:</strong> Key lime & cucumber</p><ul><li>Real cold-pressed fruit juice</li><li>9g prebiotic plant fibre per can</li><li>Only 5g of sugar and zero sweeteners</li><li>330 ml cans, best served ice-cold</li></ul>",Sunfizz,Sparkling tonic,"sunfizz, sparkling tonic, prebiotic, lime",true,active,SF-LIME-04,Pack size,4-pack,1600.00,,true,shopify,100,deny,1500,kg,true,manual,https://cdn.shopify.com/s/files/1/0984/3087/7969/files/sunfizz-lime-crush.png,1,A can of Sunfizz Lime Crush sparkling tonic,false,Lime Crush | Sunfizz,Lime Crush: key lime & cucumber in a sparkling prebiotic tonic with just 5g of sugar.
,lime-crush,,,,,,,SF-LIME-12,,12-pack,4500.00,,true,shopify,100,deny,4500,kg,true,manual,https://cdn.shopify.com/s/files/1/0984/3087/7969/files/sunfizz-lime-crush-poured.png,2,A glass of Sunfizz Lime Crush poured over ice,,,
,lime-crush,,,,,,,SF-LIME-24,,24-pack,8500.00,9600.00,true,shopify,100,deny,9000,kg,true,manual,,,,,,
Sunfizz Variety Pack,sunfizz-variety-pack,"<p>Can't pick a favourite? Get all four: Citrus Sunrise, Pink Grapefruit Glow, Lemon Zest and Lime Crush.</p><ul><li>Real cold-pressed fruit juice</li><li>9g prebiotic plant fibre per can</li><li>Only 5g of sugar and zero sweeteners</li><li>330 ml cans, best served ice-cold</li></ul>",Sunfizz,Sparkling tonic,"sunfizz, sparkling tonic, prebiotic, variety",true,active,SF-VARIETY-12,Pack size,12-pack (3 of each),4800.00,,true,shopify,100,deny,4500,kg,true,manual,https://cdn.shopify.com/s/files/1/0984/3087/7969/files/sunfizz-variety-pack.png,1,"Four cans of Sunfizz: Citrus Sunrise, Pink Grapefruit Glow, Lemon Zest and Lime Crush",false,Sunfizz Variety Pack | Sunfizz,All four Sunfizz sparkling prebiotic tonics in one mixed pack.
,sunfizz-variety-pack,,,,,,,SF-VARIETY-24,,24-pack (6 of each),8900.00,9600.00,true,shopify,100,deny,9000,kg,true,manual,https://cdn.shopify.com/s/files/1/0984/3087/7969/files/sunfizz-variety-pack-poured.png,2,"Four glasses of Sunfizz poured over ice, one of each flavour",,,
